1	것	A thing or an object
2	하다	To do
3	있다	To be
5	하다	To do
6	나	I
7	없다	Do not exist, absent
8	않다	To not do
9	사람	Person
10	우리	we, our
11	그	He, That
12	아니다	To not be
13	보다	To try
14	거	thing
15	보다	To see
16	같다	To be similar
17	주다	To give, to do for a person
19	가다	To go
25	말하다	Speak
27	그러나	However or but still
28	오다	To come
29	알다	To know
31	그렇다	That is right or yes.
32	크다	To be big, large
35	많다	many, much
37	좋다	To be good
38	더	More
39	받다	Receive
40	그것	That thing
41	집	House
42	나오다	Come out
43	그리고	And or and then
45	그런	Such a
46	살다	To live
47	저	That
48	못하다	Be impossible
49	생각하다	To think
50	모르다	To not know
51	속	The inside
52	만들다	To make
53	데	Place, point, instance
54	앞	In front of, before
57	어떤	What kind of, what sort of
58	잘	Well
60	먹다	Eat, chow down on
64	생각	Thought
65	어떻다	how,what.. do you think of
68	그러다	and so, and then, well
69	그러다	and so, and then, well
70	소리	A sound,noise
71	다시	Again
72	다른	Different
73	이런	Such, like this
77	다	All, everything
78	좀	A little
79	싶다	want,hope
80	보이다	see,catch sight of
81	가지다	To have or take or hold
82	함께	Together, with
83	아이	Child
84	지나다	pass,elapse,go on
85	많이	A lot
87	너	You
90	나다	To be born
91	이렇다	Like this
92	어머니	Mom
93	눈	Eyes
94	뭐	Huh? (2) something
98	다음	Next
99	이러하다	Be this way, be like follows
100	누구	Who
101	곳	Place
102	여러	many,various
104	하나	One
106	버리다	(following a verb) the verb\’s action is over, perhaps in a sad way
109	퍼센트	Percent
114	가지	One of the kind or a sort
116	바로	Right, correctly
117	어느	Some, a certain
118	그래서	And so accordingly
119	무엇	That thing,whatever
121	모든	Every one
123	그거	That thing
124	돈	Money
126	그런데	But or however
127	날	Day
129	모두	Everybody
132	마음	Heart
134	놓다	Put, place
136	아버지	Father
138	어디	Where?
139	몸	body,physique
140	얼굴	Face
141	왜	Why?
142	나타나다	Come out, appear
144	다르다	Be different
145	모습	shape,body
146	물	Water
147	만나다	Meet
148	내다	produce something
149	보이다	show,let see
150	쓰다	To write
151	이것	This thing
152	없이	Without
154	길	Road
156	쓰다	Take (medicine)
157	뿐	only,alone,merely
158	사이	space between 2 points; the relationship between 2 people
160	새롭다	To be new,novel
161	내다	to see through, to make it through sth
162	앉다	To sit down
163	처음	First
164	손	The hand
165	몇	A few
166	그때	Then or at that time
168	삶	Life
169	갖다	To hold
170	찾다	seek,look for
175	나가다	To go out
176	이야기	Conversation, talk
178	사다	To buy, purchase
180	아직	Still
181	잡다	seize,catch
182	같이	Together
183	선생님	Teacher
185	서다	To stand
186	못	Cannot
188	읽다	To read
193	일어나다	To rise, get up
196	넣다	Put in, set in
198	무슨	What, what kind of
199	느끼다	To feel
200	어렵다	To be hard, difficult
201	힘	Power
202	너무	Too much
203	나라	A country
204	부르다	To call
206	자리	seat,spot
207	밝히다	To light up
208	죽다	die,pass away
209	이미	Already
210	쪽	Way, direction
214	얘기	Story
217	엄마	Mamma
218	이름	Name
219	하나	One
220	내리다	Descend
222	및	As well as
223	쉽다	To be easy
224	짓다	To make, build ; to form a line (a group)
227	글	words, a verse
228	생기다	arise,occur,happen
229	사용하다	To use
231	밖	The outside
233	작다	Small
234	타다	Ride (bus)
238	가운데	In the middle
239	보내다	Send
245	더욱	More and more
246	아주	Extremely
248	밤	Night
249	높다	High
251	채	As it is, no change
254	컴퓨터	Computer
255	먼저	First
256	다니다	Go to and from a aplace
257	얼마나	How many, how much
259	열다	Open
260	머리	Head
261	묻다	to Ask
262	남다	Remain, be left over
266	아들	son,baby
267	아	Oh dear
270	분	Minutes
271	그냥	Just because or in that condition
272	나누다	To divide
274	거의	Almost or nearly
275	곧	Soon
278	오늘	Today
279	서로	mutually,one another
282	이거	This thing
283	애	A baby, or a slightly derogative word for person
285	나다	To come out, grow, spring up
288	이르다	To reach, arrive, get at
289	이루다	Accomplish, complete
290	아침	Morning
291	웃다	To laugh, smile
295	그래	So or yes or that’s right
296	얻다	Get, obtain
297	아름답다	To be beautiful
298	끝	The end
302	듯	To be like something
303	입	Mouth
304	뭐	Huh? (2) something
305	그대로	Like that
308	줄	way,method
309	하늘	The sky
310	년대	Year
316	밥	Rice, a meal
317	입다	To wear
318	오히려	Rather,preferably
319	프로그램	Program
320	네	Yes
321	이루어지다	Get accomplished, achieved
323	하루	A day
324	그림	A picture
326	터	one’s status, one’s lot
327	마시다	To drink
328	치다	to attack, assault
329	혼자	Alone
330	나가다	To advance, proceed, go forward
331	이제	Now
333	술	Alcohol
334	사랑	Love
336	끝나다	To draw to a close or to end
337	맞다	Be right, correct; to match, be fitting for
338	아빠	Dad
339	걸리다	To be hung up or suspended
340	지키다	Protect, maintain
342	커피	Coffee
343	가슴	Chest
344	길다	To be long
345	바라보다	Look at, watch ; to look forward to, hope for
346	알아보다	To investigate, examine, search
347	맛	Flavor
350	매우	Very
351	오르다	Go up, climb, ascend
354	꼭	For sure
356	요즘	Recently, nowadays
358	느낌	Touch, feel
359	얼마	How many, how much
360	고개	The nape of the neck
364	세우다	Stand up, erect
365	아내	Wife
371	놀다	Play, amuse oneself
379	그러하다	To be so or right
380	나이	Age
382	믿다	Believe
383	바꾸다	change,exchange
384	낳다	To give birth
385	바	A thing, what
387	열리다	Open, be opened, be unlocked
388	좋아하다	To like, be fond of
389	그리다	Picture or draw a picture
390	만큼	Of that amount
391	배우다	To learn
394	옆	Next to
396	어	Oh, well, why
401	만하다	Be of the extent of
403	아래	The bottom, the lower part
406	그럼	Certainly or of course.
407	나서다	Come out, come forth
408	흐르다	Flow, stream
409	저	Uh, well, …
410	깊다	Deep
415	새	New
416	하지만	But, nevertheless
419	꽃	Flower
421	올리다	Raise, lift up
422	그동안	During that time
424	갑자기	Suddenly
425	넘다	Cross or go across
426	지니다	Carry with, hold, possess
427	바람	Wind
428	잘하다	To do well
429	마을	Town
430	어리다	To be very young, juvenile
435	목소리	Voice
436	노래	Song
437	바다	Sea
438	힘들다	To be hard, difficult
440	움직이다	To move, stir
444	언니	Older sister
446	분	One part
447	알려지다	To become known
450	주장하다	To assert,maintain
452	불	Fire
454	모으다	gather,get together
459	가지다	Entertain or hold or have
467	지난해	Last year
471	젊다	To be young,youthful
472	옷	Clothes
477	꿈	A Dream
478	할머니	Grandmother
481	이야기하다	To talk
482	나무	Tree
483	자다	To sleep
485	마찬가지	The same
486	걷다	To walk
488	이때	At this time, moment
494	살펴보다	Watch closely
497	풀다	Untie, loosen ; to melt into
501	개인	Private or individual
502	근데	But or however
503	발	Foot
507	끌다	Pull
508	대로	Like, according to
509	빨리	Quickly
511	말다	Cease
515	마치	As though, as if
516	살	Years old
518	바라다	Wish, hope
523	나타내다	Show, display
524	아프다	To hurt
525	적다	To be small, few in number
528	놀라다	Be surprised
530	울다	To cry, weep
533	지내다	To pass, spend time
540	담다	Put in a bottle
541	모이다	Meet, assemble
544	빠르다	Be fast, quick
545	스스로	On its own, of its own free will
546	아기	baby,infant
547	아저씨	Sir, calling an unknown male
548	옛날	Ancient times, antiquity
549	이날	Today, this day
550	제대로	As properly is suitable
551	달	The moon
552	던지다	To throw
553	참	really,truly
555	이곳	This place, here
556	마지막	Last, final
557	벌이다	(1) to plan to start a job/project (2) to play a table game
562	맡다	Take charge of
563	저녁	Evening
565	그러면	If so or if that is the case
567	넓다	Broad
569	잠	Sleep
571	훨씬	By far, very much so
575	가깝다	Close
579	밑	The bottom
580	어른	A man, an adult
584	팔다	To sell
587	열심히	Enthusiastically,with zeal
588	일하다	To work, labor
590	팀	Team
595	올라가다	To go up, ascend
596	첫	First
598	그날	That day or that same day
602	삼다	Make a thing of
605	담배	Tobacco
606	일으키다	Riase, get up; start, commence
608	할아버지	Grandfather
610	태어나다	To be born, see the light of day
612	벌써	Already
613	즐기다	Enjoy oneself,take pleasure,delight
614	지	since,from
618	그래도	All the same
619	아무리	However much
620	맞추다	Adjust, adapt
621	쌀	Uncooked rice
623	재미있다	interesting,fun
624	가르치다	To teach
626	막다	Stop, obstruct
627	올해	This year
629	달리	Differently
630	버리다	Throw away
631	붙이다	affix,put on
633	늘	Always
634	모두	everything
636	마치다	Finish, complete
638	다만	Only, merely
639	도움	Help
641	걸다	Hang up or suspend
642	빠지다	To fall into
643	멀다	To be far
644	버스	Bus
645	오늘날	These days, nowadays
648	대다	Put, place up to
654	표현하다	To express, make known by saying
656	이상하다	To be strange,queer
658	붙다	Stick, adhere to
660	얘기하다	To tell a story
661	잇다	Join, connect
662	조금	A little
669	그만	That much or a little amount
670	발생하다	Originate, come from
672	아무	anybody,everybody
673	어쩌다	By chance, accident
677	옮기다	Move, transfer (2)(sickness) communicate, transfer to
680	잃다	To lose, to miss, to be deprived
683	바뀌다	Be changed
684	비슷하다	To resemble
687	사랑하다	To love
688	아니	No!
689	여름	summer,summertime
690	자라다	To grow up
698	싫다	To not like, to hate
702	반드시	Most certainly
703	셈	An intention,design,purpose
704	갖추다	Make or get ready or prepare
705	그러니까	And so it is that
706	받아들이다	Accept
707	값	Price
710	꺼내다	To get out or draw out
712	언제나	everytime,always
713	완전히	completely,perfectly
716	존재하다	To exist
718	맞다	receive,welcome (note, usually this is 맞히다)
720	어린이	A youngster, a child
722	한마디	One word
723	유지하다	To preserve, maintain
724	이데올로기	Ideology
727	늘어나다	Grow longer
728	닦다	Wipe clean, polish
730	말씀	Speech
731	괜찮다	To be okay
732	눈물	A tear
734	빛	Light
735	아니	Not
737	거치다	Pass or go through
738	나아가다	Advance, go forward
739	야	(Word to get somebody’s attention) Hey!! (2) impolite speech for 이다, to be
749	마련하다	To plan, arrange
751	발표하다	To announce
753	걸치다	1) put a thing over or across 2) to range from A to B
754	겪다	Experience or undergo or suffer
756	귀	Ear
758	미터	Meter
759	사라지다	To disappear
760	어떠하다	To be how
763	놈	A fellow
766	아파트	Apartment
767	가끔	Sometimes
769	술	Spoonful
771	짧다	Short, brief
772	고맙다	To thank
774	그곳	That place
775	보다	More than, greater than ….
776	비롯하다	begin,start
778	달리다	run, make do fast
779	바쁘다	Busy
781	인정하다	To acknowledge,authorize
784	나쁘다	To be bad
786	시키다	To make
787	게임	Game
789	그룹	Group
792	기르다	Educate or train or cultivate
795	커다랗다	To be very big/large
796	있다	To be
798	언제	when,at what time
801	내려오다	Come down
803	줄이다	reduce,decrease
805	달라지다	To change, vary
806	비다	To be empty, vacant
808	손님	Customer
812	모임	A group, a party
814	웃음	Laughter, a smile
818	아나운서	Announcer
819	뉴스	News
820	살아가다	Lead a life, get along
821	펴다	Spread out, unfold
824	겨울	Winter
830	안다	To hold, embrace
832	잊다	To forget
833	제시하다	To present
837	엄청나다	To be absurd,wild,terribly large
839	텔레비전	Television
845	씻다	To wash,cleanse
846	늦다	To be late (time)
847	이웃	The neighborhood
850	까닭	Reason
852	센티미터	Centimeter
857	지나가다	To pass, elapse
861	훌륭하다	To be excellent
863	새로	newly,anew
865	이어지다	Get joined, be connected
866	티브이	TV
867	봄	Spring
869	낮다	Be low
870	어깨	Shoulder
872	오래	Long, for a long time
874	키우다	To raise, bring up, rear
875	눕다	Lie down
876	발전하다	To develop, grow
878	죽음	Death
880	공	Ball
881	어울리다	To be becoming, suiting
883	쉬다	to relax, take a break
884	알리다	To inform, tell a person
885	차다	To be full, to be filled with (PASSIVE)
887	멀리	Far away
888	빼다	Pull out, extract
890	오빠	Older brother
891	즐겁다	Be pleasant,agreeable
893	흔히	Generally, commonly ; often
894	바탕	Natural disposition ; to go all out in a fight, 아주 크게 싸우다 ; the background
896	싸우다	To fight
897	예쁘다	Pretty, lovely
899	느껴지다	Feel
902	정확하다	To be exact
904	나중	The last, the latter part
905	맛있다	Delicious
906	며칠	How many days
907	쓴 맛	see 6000
908	찾아오다	To go meet somebody, to go get sth
912	아무런	No sort of
916	결정하다	To decide
920	숲	Forest
921	없어지다	To lose, get lost
923	내려가다	To go down
924	미치다	To reach
925	새벽	dawn,daybreak
926	쓰레기	Garbage
927	얼른	Fast, quickly, rapidly
931	무섭다	fearful,dreadful
933	참다	Bear, endure
934	크기	Size, dimensions
935	고기	Meat
936	남기다	To leave behind
939	가져오다	To bring or get
940	냄새	Smell
941	부드럽다	soft,tender
942	여기다	Think, consider as
946	내놓다	Put out, take out
947	만들어지다	Make, create
951	계속되다	To continue
953	맑다	clean,pure
958	허리	The waist, the small of the back
959	골	Goal
963	벌다	To earn (money) ; (2) to invite, to bring onto oneself
964	살리다	1) revive, bring around, restore to life 2) save,spare,rescue
965	새	A bird
971	나름	Depending on
974	썰다	Chip, mince,dice
975	움직임	movement,motion,activity
976	이미지	Image
977	터지다	Break, be torn, get away from
980	벗다	Take off, remove
983	준비하다	To prepare
985	응	Yes, i see!
986	이기다	To win
987	찾아보다	To go meet somebody
989	다루다	Treat, deal with
990	달	The moon
993	그렇지만	But or however
996	키	stature,height
999	그러므로	So or hence or therefore
1000	포함하다	To include,contain
1001	걱정	Worry
1002	결혼하다	Get married
1004	바르다	Be straight; be honest
1006	숨	A breath
1008	깨닫다	to realize sth
1009	누나	Older sister
1016	해결하다	To fix a problem, solve a question
1018	계속하다	To continue
1019	그치다	Stop or cease or halt
1021	너무나	Extremely
1022	높이다	Raise, elevate
1026	막	Carelessly, at random
1029	계시다	(someone esteemed) to stay or be located
1030	그	That
1031	자르다	cut,chop
1032	데리다	Be accompanied by
1033	마리	Number of animals
1034	무척	Extremely
1037	옳다	To be right, correct
1041	꼴	Shape or form or appearance
1042	놀이	Play, game
1043	뿌리	A root
1046	그리하여	And then or and so or and now
1047	낮	Daytime
1048	일찍	Early
1050	찍다	Stamp with a dojang
1051	가볍다	Light
1057	가게	Store
1058	가득	Full
1059	그저	1) still or all the time 2) easily or with no effort
1065	약속	A promise
1067	줄	Line, row, chord
1068	쳐다보다	To look up at
1071	에너지	Energy
1073	정리하다	To adjust
1074	집안	Inside the house
1076	죽이다	To kill
1077	단순하다	Be simple-minded
1080	빠지다	To indulge in, be addicted to
1081	소금	Salt
1084	참여하다	To participate in, take part in
1085	탓	fault,blame
1086	푸르다	To be blue, to be green
1087	걔	Child
1088	그래	Yes or that’s right
1089	목	The neck
1093	흔들다	Shake, sway
1096	뽑다	Pull out, draw
1097	피우다	To make, build, kindle
1099	미리	Beforehand
1101	저희	We
1106	오랜	For a long time
1107	젊은이	Young person
1113	다가오다	Approach
1114	불다	Blow
1116	이끌다	To guide,lead
1118	한글	Korean writing system
1119	가을	Autumn or fall
1120	개발하다	Develop or exploit or open up to development
1123	손가락	a finger
1126	자유롭다	To be free
1127	적극적	Positively
1130	기울이다	Tip or slant or incline
1131	길이	Length or extent
1134	톤	A ton
1135	관련되다	Be connected or related to
1137	나머지	The rest, the remainder ; as a result of the excess of, as a result
1138	날씨	Weather
1139	더불다	Join in, do together
1142	건강하다	To be healthy
1144	앞서	Before, previously 2) in anticipation,beforehand
1145	여러분	You (plural, to address a group at speech time)
1146	왜냐하면	Because
1148	기대하다	To expect or look forward to
1149	네	You
1150	도착하다	To arrive
1152	소프트웨어	Software
1153	흘리다	spill,shed (tears,blood)
1158	빌리다	To lend
1162	놓이다	Be put on sth else (2) to become peaceful
1164	무렵	The time when
1165	밝다	To be promising
1167	일반적	Universal, general
1169	곱다	Beautiful
1170	바닥	Floor
1171	새끼	Baby animal
1172	생각되다	To come to think sth
1173	서비스	Service
1175	심다	plant,sow (a tree)
1176	적다	Write down
1177	코	The nose
1182	스스로	By oneself, do it alone
1183	견디다	Endure or bear
1185	막히다	Be stopped up
1189	뿌리다	sprinkle,scatter
1193	어쩌면	(1) it is possible that 아마도 2) how on earth, how the hell
1198	쓰이다	To be used, to be utilized/employed
1200	다지다	Make sure, to harden oneself, firm up one\\`s will
1201	아까	A little while ago
1202	알맞다	To fit, be fitting, suitable
1204	희다	White, fair
1205	가리키다	Point to or indicate
1206	모시다	Attend on
1209	치르다	Pay off, pay one’s bill
1216	말씀하다	Speak
1218	불리다	To be called
1219	싸움	A fight
1220	자꾸	Constantly, repeatedly
1221	차리다	Make ready,prepare
1223	그리	So or to that extent
1228	의미하다	To mean, signify
1231	구성되다	To be organized
1232	독특하다	Unique, characteristic, distinctive, peculiar, specific
1235	잘되다	To turn out well
1236	추진하다	To propel, drive forward
1238	틀	A frame, framework; mold
1241	흐름	Flowing, a stream/current
1243	쌓이다	Be piled/heaped up
1245	쥐다	To hold,seize
1246	컵	Cup
1247	게다가	In addition
1248	끓이다	Boil or heat or make hot
1250	멈추다	Stop
1251	사용되다	Be used, be employed
1252	오랫동안	For a long time
1255	종이	Paper
1256	찾아가다	To go to a place to meet somebody
1259	늘다	Increase, gain
1262	계시다	(honorofic) to stay or reside
1264	닿다	To reach, get to
1266	올림픽	Olympic
1268	재미	amusement,enjoyment
1273	옛	Old, ancient
1274	외치다	To shout, scream
1275	적어도	At the least
1279	끝내다	To end
1282	어려움	difficulty, hardship
1285	춤	Dance
1286	넘기다	Pass over, send across
1290	아무것	Anything
1291	온	All, whole, entire
1292	젖다	To be wet, soaked
1293	제외하다	To exclude
1297	깨끗하다	To be clean or pure
1300	어둠	Darkness
1301	어둡다	To be dark, dim, gloomy
1302	어쨌든	In any case, anyhow
1305	관련하다	To be related to or connected to
1306	눈길	Line of vision
1307	물어보다	Ask
1309	밀다	push, shove
1310	스트레스	Stress
1311	음	Sound you make to express doubt, worry
1313	주어지다	To offer, proffer (conditions)
1315	과일	A fruit
1316	널리	Widely
1318	올라오다	Come up
1319	챙기다	gather, collect, assemble your stuff — to amass (money, a collection)
1320	고르다	Choose or select
1321	바르다	Spread, apply
1322	벌어지다	To get serious, enlarge
1325	포기하다	To give up, to abandon
1326	형성되다	To be formed, made up
1327	고치다	To fix, amend, change
1328	그림자	A shadow or a silhouette or an image
1329	눈	Snow
1330	다하다	Finish, go through, be exhausted, run out of
1331	마침내	Finally, in the end
1332	비교하다	To compare
1334	커지다	To become bigger
1335	한쪽	On one side
1338	맡기다	Entrust sb with sth
1341	싣다	To load, take (passengers)
1342	쌓다	To pile up
1343	어서	Quickly 2) kindly
1346	짓	Something you do
1349	하얗다	White
1351	가방	Bag
1353	그만큼	That much or to that extent
1354	무어	What? 무엇
1355	비로소	For the first time
1359	시골	Countryside
1361	잘못되다	To turn out wrong
1365	내밀다	To Push out
1366	맞다	Be struck, beaten
1368	시리즈	Series
1370	잡히다	To be caught ; to extinguish a fire
1372	그램	Gram
1373	밭	A field, farm
1374	분석하다	To analyze
1376	아예	From the very first, from the very beginning
1377	어찌	How, in what way, by what means
1378	울리다	To ring (a bell) ; to create an echo effect
1382	그릇	A vessel or receptacle
1384	바람직하다	Be desirable, advisable, to be appropriate, good
1386	착하다	To be nice
1393	거두다	Collect or gather up
1398	검다	Black or dark
1399	곁	Neighborhood or vicinity
1400	근본적	foundational, fundamental
1401	너희	You guys
1407	퍼지다	Spread out, get broader
1410	누르다	Press or push down
1417	자네	You
1419	꽤	Fairly or considerably
1421	한참	For some time, for a while
1423	끊다	Cut off or sever
1424	넘어가다	Cross or go over
1425	담기다	Be put food in a bottle or for pickling
1426	마당	Garden
1428	서두르다	To hurry up
1430	짝	One pair, one couple
1431	참으로	really, indeed
1432	충분하다	To be sufficient, ample
1433	기쁘다	To be happy
1435	앞두다	Have a distance ahead
1437	온갖	All kinds, all sorts
1440	기쁨	Joy or delight
1441	깊이	Deepness
1442	꾸미다	Decorate
1443	늘리다	Increase, multiply
1444	무릎	A knee
1447	시스템	System
1449	지난달	Last month
1450	지르다	Holler, yell, scream
1452	걸음	Walking or stepping or a step
1453	겨우	Barely or narrowly. 간신히
1454	마르다	Become dry
1456	애쓰다	Make efforts/pains to do sth
1457	올바르다	Be honest, straightforward
1459	춥다	To be cold
1460	흔하다	To be everywhere
1461	높아지다	Become high
1462	늙다	Grow old
1464	무겁다	Heavy ; a stuffy atmosphere
1465	바람	As a result, by the influence of
1470	인식하다	recognition, cognizance
1474	맺다	form, tie
1476	스타	Star
1478	입술	The lips
1479	잎	A leaf
1482	천천히	Slowly
1483	구성하다	To organize or makeup
1485	몹시	Extremely
1486	문득	Suddenly
1487	스포츠	Sports
1489	저기	That place, there
1491	효과적	Effective
1492	가까이	Close
1493	낫다	Superior
1494	넘어서다	Pass over
1495	볶다	fry, roast
1496	생산하다	To produce, make
1497	언젠가	One of these days, at some time in the future
1500	저지르다	do,commit, spoil
1501	줄어들다	Dwindle away
1502	가만히	Quietly or softly
1507	한두	One or two
1508	한때	For a while, temporarily
1509	화	Anger (get angry)
1510	흙	earth, the soil
1511	가난하다	Poor
1515	살아오다	To come out alive
1516	상대적	relatively, correlatively
1522	첫째	The first
1525	들려오다	To echo (sound)
1526	조금씩	A little at a time, little by little
1528	풀리다	To come loose
1530	마늘	Garlic
1533	아주머니	An aunt, a respectable word for a married, older woman
1537	가꾸다	1) grow or cultivatea 2) dress oneself up
1539	맨	bare,naked
1542	좁다	Narrow
1544	집다	Pick up
1548	대표적	Representative
1551	생겨나다	To begin, germinate
1552	이어	vulgarity, slang
1556	틀림없다	No mistaking it
1557	프로	Professional
1558	피다	To bloom ( a flower ~)
1561	잘못	wrong, mistake
1562	지다	Carry (on the back)
1563	채우다	To fill up, complete, fulfill
1570	접근	Proximity
1571	지켜보다	Watch, stare at ( wait on some situation)
1573	달리다	Hang, be suspended
1574	더하다	Get worse
1575	무너지다	Collapse
1577	쓰다	To wear (a hat)
1578	이러다	do/say think this way
1579	일어서다	To rise to one’s feet, stand up
1581	참	In reality
1585	단순히	Simply
1586	달려가다	Run, rush, dash
1591	피	Blood (is flowing)
1594	막	Just now
1595	밀리미터	Millimeter
1596	비싸다	To be expensive
1599	왼쪽	The left side
1601	택시	Taxi
1603	계산	Calculation
1604	꼬리	Tail
1605	놀랍다	To be surprising
1607	예전	Old days, former days
1610	틀리다	To be turned, warped 2) go wrong, be mistaken
1611	끊임없이	Constantly or unceasingly
1612	모델	Model
1613	붓다	to pour (water, liquid)
1616	시원하다	Be cool, refreshing
1617	아니하다	To be/do not
1618	의식하다	Be conscious of, be aware of
1620	궁금하다	To wonder or be curious about
1623	살피다	Take a good look at
1625	잘못하다	To make a mistake
1629	그만두다	Stop or discontinue
1631	반갑다	Be happy
1636	차라리	rather, preferably
1638	다녀오다	Drop in for a short visit
1639	달다	to attach, fix
1644	비디오	Video
1646	아끼다	grudge, spare
1647	이쪽	This side, our way
1650	행복하다	To be happy
1651	굽다	To roast or bake
1652	기름	Oil or fat
1654	쏟아지다	To pour out
1656	오른쪽	The right side
1658	익히다	Habituate oneself to
1661	풍부하다	To be abundant, copious, plentiful
1663	기억하다	To recall or remember
1671	미치다	Be crazy
1672	밟다	Step on
1674	섞다	blend, mix
1676	없애다	Remove, get rid of, do away with
1677	이뤄지다	To make something for a specific purpose
1683	참새	A sparrow
1685	굵다	Be thick or fat
1686	깨끗이	Clean or neatly
1687	낡다	Clear
1690	눈앞	Before one’s eyes
1693	붉다	Be red, scalet
1696	아무래도	Never on any account, no matter what
1698	올	This year
1699	위대하다	To be great, mighty, grand
1702	틈	A crack, gap, opening
1705	닫다	To close
1706	매달리다	Be suspended, to be hanging down (from) ; to stick to a job, to persevere
1708	섬	An island
1714	걸어가다	To go on foot or walk
1716	글쎄	Now or well or let me see
1717	목숨	Life
1721	빠져나가다	Get/go out of here
1726	출발하다	To depart, leave
1729	결정되다	To become decided
1730	고양이	Kitten
1739	킬로미터	Kilometer
1745	빛나다	shine, glitter
1746	숨다	To be in hiding, to hide oneself
1747	실리다	To be printed,recorded; to be loaded onto a truck (luggage)
1750	예상되다	To expect, anticipate
1756	물다	bite, put in the mouth
1759	어느새	In no time, quickly
1761	저쪽	Over there, in that direction
1765	치즈	Cheese
1769	반대하다	Be opposed to
1773	아이고	Oh my god!
1774	조용히	Quietly
1780	가스	Gas
1782	구멍	A hole
1785	먹이다	support, feed
1788	살짝	(1) softly, lightly, just a little (2) furtively, stealthily
1789	생각나다	To remember
1792	차갑다	Cold
1796	괜히	In vain or useless or fruitless, for a stupid reason
1797	끼다	To put on or wear, to wear (a ring)
1798	날개	The wings
1799	녀석	Fellow
1800	눈빛	The glitter of one’s eyes
1802	물속	Inside the water
1805	소나무	A pine tree
1806	여기저기	Here and there
1809	평가하다	To evaluate, estimate, judge
1812	감추다	Hide or conceal
1813	머무르다	Stay overnight
1815	비우다	empty, vacate
1818	싸다	Wrap in, bundle
1819	아울러	And, both together
1821	형성하다	To form, make, take shape
1824	거울	1) mirror 2) a pattern or model or exemplar
1825	덧붙이다	Add a thing, append
1826	몇몇	Several
1835	타다	Burn, blaze (firewood)
1836	틀다	To twist, wind
1838	가지	Eggplant
1839	감다	Close
1840	고추	Red pepper
1843	비치다	Shine
1844	빵	Bread
1846	스승	A teacher,master
1849	아마도	Probably
1851	앓다	To be ill, sick with sth
1852	어제	Yesterday
1853	오직	Only, merely, solely
1854	위험하다	To be dangerous
1860	포함되다	To be included in
1865	덜	Less, incompletely
1866	미루다	Postpone ; (2) to guess, infer and make an educated guess
1868	부엌	Kitchen
1874	잔뜩	extremely, to the utmost
1877	펼쳐지다	Stretch, extend away
1879	그이	That person or he or him / she or her
1880	넘치다	Overflow
1881	놓치다	Miss, let slip
1884	머릿속	Inside one’s head
1887	쇠고기	Beef
1889	카드	Card
1896	덮다	To cover, veil
1897	도와주다	To help
1899	몰다	Drive ; to chase or urge on
1901	비추다	(1) Shed, throw light on (2) to reflect in the mirror
1902	신발	shoes, footwear
1903	알	An egg, spawn (fish)
1904	앞서다	To go before, precede
1910	김치	Spicy cabbage
1911	끄덕이다	Nod
1912	낯설다	To be unfamiliar with, to be a stranger to ( a person)
1913	높이	Height (noun)
1914	닮다	Resemble
1915	마음속	Deep in one’s heart
1916	못지않다	Be just as good as
1918	뼈	A bone
1919	성장하다	To grow,be brought up
1922	장사	trade,business
1925	차다	to kick
1928	콩	A bean
1929	한숨	A breath
1930	헤어지다	Part from, part company with
1931	구입하다	Purchase or buying
1932	날다	To fly
1933	너머	Beyond, on the other side
1934	여간	just, a little. 여간 ~지 않다 means very very ~다
1935	마련	planning, making arrangements ; provisions, preparations
1936	살	flesh,muscle
1940	스타일	Style
1942	싸다	Be inexpensive
1945	코드	Code
1946	큰일	An important affair, a serious matter
1947	거짓말	A lie or falsehood
1948	대단하다	Considerable, grand
1949	대단히	Extremely
1950	마주	Face to face
1952	온통	Wholly, entirely
1953	의존하다	To depend on, rely on
1956	정확히	Exactly
1957	지치다	Be exhausted, fatigued
1959	혀	The tongue
1960	확대하다	To enlarge,magnify
1961	후춧가루	Ground pepper
1962	건설하다	To construct or erect
1964	마침	Just, exactly
1967	온몸	The whole body
1972	칼	A knife
1973	한꺼번에	All at once
1975	건너다	Go over or go across
1976	깨다	Wake up from sleep
1977	낚시	Fishing
1978	다가가다	To get near to
1980	묻다	to Stain
1981	비롯되다	To be begun, to have started
1982	슬프다	To be sad,sorrowful
1984	여겨지다	To look, appear, think of sth as
1985	오징어	Cuttlefish, squid
1993	전환	To exchange, convert, change
1996	카메라	Camera
2003	가리다	Pile up or  stack up or heap up
2004	거칠다	Coarse (texture) or  wild (behavior) or  (rain and wind) rough or  wild
2005	그나마	Even though or  nevertheless
2006	껍질	Skin or  nutshell
2009	몰래	secretly,quietly
2017	조그맣다	Be tiny,small
2018	줄기	A trunk, stem, stalk
2019	찾아내다	To find out, discover
2024	끝내	The end
2026	더욱이	Besides, moreover
2029	솜씨	skill,ability
2033	쏟다	To pour .  붓다
2036	주머니	Pocket
2040	나란히	In a line, row
2042	부끄럽다	Be shameful,disgraceful
2044	수행하다	Accomplishment
2047	아픔	Pain
2048	알아듣다	To listen and comprehend
2057	치다	to count, reckon, calculate
2059	흔들리다	Shake, swing,rock,tremble
2061	날아가다	To fly away
2062	많아지다	Become a lot
2063	바위	A rock, a crag
2064	버릇	Habit
2065	비판하다	To criticize
2066	빨갛다	deep-red,crimson
2067	세워지다	To become erected
2068	술집	Bar of some kind
2069	쉬다	to breathe
2070	오랜만	After a long time
2071	일부러	On purpose, intentionally
2077	흩어지다	Scatter about
2078	갈다	1) sharpen  (a blade) 2) rub or  chafe 3) make juice in a mixer
2080	글쓰기	Writing
2082	내내	All along, the entire time
2084	대응하다	Cope or correspond to
2089	부럽다	Be enviable
2091	섞이다	To be mixed,blended
2092	소	A cow
2095	쏘다	(1) To shoot  (2) to sting, bite (an insect, animal)
2096	아줌마	Old or married lady
2097	위치하다	To be located
2098	이룩하다	Erect, build
2099	이틀	Two days
2100	전달하다	To deliver
2102	추다	To dance
2103	켜다	To light, turn on, kindle
2104	코너	Corner
2111	굳이	Firmly or  admanantly
2112	그늘	1) shade 2)parental prodection
2114	달걀	An egg
2116	마련되다	To be planned and arranged
2117	마루	A wooden floor, floor, flooring
2118	무게	Weight
2121	솔직히	frankly,candidly
2123	아니요	No, that’s not the case
2126	인터넷	Internet
2129	참가하다	To take part in, join
2130	치마	A skirt
2133	호텔	Hotel
2136	그다지	So much or  to that extent
2138	깎다	Cut or  trim
2140	머물다	Stay overnight
2142	뱃사람	A seaman, sailor
2144	숙이다	Lower one’s head
2145	아가씨	Mis, young lady
2147	이마	Forehead
2149	지붕	A roof
2152	짙다	Be dark, dense
2156	텍스트	Text
2158	햇살	The rays of the sun
2160	걱정하다	To worry or  be anxious
2161	경제적	Economical
2162	구름	A cloud or  the clouds
2163	구석	1) a corner  2) an out of the way place
2164	끄다	Put out or  extinguish
2165	담당하다	Take charge of
2166	벗기다	Unclothe, undress
2168	불빛	Fire light
2169	서클	Circle
2172	엄격하다	To be strict, serious
2174	완전하다	To be perfect and faultless
2180	한동안	For quite a while
2183	만지다	To touch
2185	바늘	A needle, pin
2186	버티다	Endure, tolerate
2188	분포하다	Distribution
2191	아이디어	Idea
2195	전개	unfolding,development,expansion
2197	짐	Luggage ; what is on a person
2198	풀	Grass (cut the ~)
2199	해마다	Every year, each year
2205	다투다	Quarrel
2207	뻗다	Stretch out, extend beyond
2208	생활하다	To live, make a living
2209	솔직하다	frankness,candidness
2210	안타깝다	To be heart-breaking
2211	앞장서다	To be in the lead/ at the head
2213	이르다	Be early, premature
2215	젓다	To make a sign,gesticulate
2219	터뜨리다	Break, burst,explode
2221	개발되다	To be developed or  exploited
2222	높이	High, aloft (adverb)
2225	마구	continuously, without pause
2226	만남	A meeting
2227	미디어	Media
2230	쓰러지다	Fall, collapse
2234	자랑스럽다	To be proud
2235	잠깐	For a little while
2236	적당하다	To be appropriate
2242	곳곳	Everywhere
2246	달려오다	Come running
2250	스치다	Graze past
2253	요즈음	Recently, nowadays
2254	유난히	uncommon,exceptional
2256	잃어버리다	To lose
2257	잠깐	For a little while
2258	잠들다	Fall asleep
2260	조용하다	To be quiet,still
2265	활동하다	To be active, lead an active life
2267	귀엽다	To be cute
2268	답답하다	Feel anxious
2271	밀가루	Flour
2272	바깥	Outside
2273	바지	Pants
2274	벌리다	Open, wide
2276	보관하다	Keep in one’s custody
2277	부딪치다	Collide with, bump against
2278	빨래	washing,laundry
2282	싫어하다	To dislike, be reluctant (to do)
2285	테이블	Table
2286	트이다	Get cleared out, open up
2294	깔리다	To be spread or  overspread
2298	소리치다	To shout, yell
2309	찌르다	stab,thrust
2315	확대되다	To be magnified
2317	논	A rice field
2318	덥다	Be hot, heated
2319	바보	Ignorant
2321	보람	worth,result
2326	어떡하다	To take some measures, to manage somehow
2331	잠기다	Sink in water
2332	주고받다	Give and receive, exchange
2333	주먹	Fist
2335	털다	To shake off, brush up
2339	구경	An enjoyable sight or spectacle
2340	그분	That person (respectful)
2343	달아나다	Escape, flee
2344	묶다	bind,tie
2346	소스	Sauce
2348	신다	Put on, wear
2349	우리말	Korean (language)
2351	이불	Bedding, bed clothes
2356	전개되다	To be unfolded,spread out
2359	크다	To be big, large
2360	탤런트	Talent
2364	훔치다	To steal
2367	과학적	Scientifically
2368	구분하다	To divide or  to classify
2369	그럼	Interjection: “yeh or  that’s right”
2375	좌우	Left and right
2377	지다	Set (the sun)
2380	함부로	Indiscriminately, at random
2383	가늘다	Thin or  fine or  slender
2385	겉	The outer surface
2386	굽히다	Bend or  stoop
2387	근무하다	Work or  labor
2388	깜짝	With a surprise
2389	넓히다	Widen
2393	셋	Three
2395	손바닥	The palm
2398	얹다	Put on, place, lay, set
2401	적당히	suitable,proper
2402	줍다	Pick up, gather
2405	킬로그램	Kilogram
2407	프로	Program
2410	가루	Powder or  flour; meal
2411	건지다	Take or bring out of the water or  2) rescue a person from danger
2412	깨지다	To break
2413	내다보다	Look out for
2415	마땅하다	Be right, approppriate
2416	바로잡다	Straighten
2417	박히다	Be nailed in
2420	슬픔	Sorrow
2421	아무렇지 않다	To be indifferent, casually
2423	이튿날	The second day after
2425	제거하다	exclusion,removal
2426	줄다	Diminish
2428	지우다	To erase
2429	참기름	Sesame oil
2432	팬	Pan
2435	골목	A side street or  alley
2436	기운	Strength or  might (the strength you feel you have on that particular day)
2438	대충	Almost, nearly, about
2439	맞서다	Stand opposite
2440	모자라다	To be insufficient
2441	박다	Drive,hammer in
2445	안전하다	To be safe
2447	이르다	Inform, report, tell
2453	카페	Cafe (place to drink coffee)
2454	콤플렉스	Complex
2456	그다음	Next
2458	끓다	Boil or  simmer
2459	날아오다	Come flying
2461	닭	Chicken
2465	모래	Sand
2466	살아남다	Survive
2470	아버님	Father (respectful word)
2473	잇따르다	Follow one after another
2474	자랑하다	To be proud
2479	지시하다	To direct, instruct
2481	허용하다	To permit, approve, grant, allow
2482	가르침	Teaching or  an instruction
2485	그려지다	Draw
2486	꾸준히	Untiringly, ceaselessly
2487	년도	Year
2491	물음	A question
2492	빌다	pray,wish,ask
2494	스님	A priest
2495	썩다	Go bad, rot
2496	어머님	Mother (respectful word)
2497	엉뚱하다	Be extraordinary, extravagant ; to misdirect somebody`s attention
2498	여보	Spouse (term of affection)
2499	잊어버리다	To forget
2502	태우다	Burn, commit to flames
2504	가리다	Choose or  select
2509	담그다	Soak in water
2510	마음대로	As you wish
2511	며느리	Daughter-in-law
2512	믿음	Belief
2521	실패하다	To fail
2522	영원하다	To be eternal
2523	우연히	accidentally,by chance
2526	짚다	Feel, examine
2529	튼튼하다	Solid, compact, firm
2530	햇빛	Sunshine, sunlight
2533	논의하다	Discussion
2536	먼지	Dust
2537	바닷가	The beach
2538	바치다	Give, offer
2540	발표되다	Be announced
2541	부정하다	Be uncertain,irregular
2542	불러일으키다	rouse,stir up
2545	씹다	To chew
2546	아무튼	In any case
2547	안되다	Must not, should not
2549	왠지	I don’t know why, there is no reason for it
2552	익다	Ripe, be ripe
2553	제출하다	To submit,tender
2558	터	A site, place
2559	피시	PC, personal computer
2560	흘러나오다	Flow out, run, effuse
2567	꼭	Tightly or  fast
2568	날짜	Date
2570	모니터	Monitor
2574	삶다	boil,cook (eggs)
2575	샌드위치	Sandwich
2578	숨지다	Breathe one’s last breath
2579	아유	Good heavens!
2584	주저앉다	Sit down, plump down
2590	흘러가다	flow,run,drift along
2593	그쪽	Those people
2594	꾸다	Borrow or  loan
2595	내려다보다	Overlook
2596	눈썹	The eyebrow
2598	마디	A word, a tune, a song,  a paragraph
2599	미처	To that extent
2600	비닐	a thin sheet of plastic, vinyl
2605	얼핏	at a momentary glance or intermittently appearing (e.g. catch a fleeting glimpse of)
2606	오래되다	To last for a long time
2607	웬	What sort of, what kind of
2612	침	Spit
2613	털	Hair; fur, feathers
2614	판매하다	To sell
2615	항의	A protest
2617	확보	security,insurance
2625	꺾다	Break off or  snap off
2626	꿈꾸다	To dream
2628	묻히다	Get buried
2631	아쉽다	To miss, feel the loss of
2633	얘	Sonny, you there
2634	어머	Oh my god!
2635	여보세요	Telephone HELLO
2637	장르	Genre
2638	저렇다	Such a thing as that
2642	쫓다	Drive away, chase off
2644	테이프	Tape
2645	품	Width; bosom, breast (the clothes have a big ~)
2647	확인되다	To be confirmed
2651	거	That thing
2656	노랗다	Be yellow
2657	다치다	To hurt
2659	새	An interval
2662	올려놓다	Put a thing on a place
2663	외면하다	Outward appearance
2665	줄곧	All the time, all through, repeatedly, constantly
2668	치우다	Straighten up, tidy, remove
2671	개선하다	To renovate or  to improve
2673	당기다	Pull
2674	들다	Means continuing the main verb’s action ; to enter/go into ; to hold, to carry
2676	말없이	At a loss for words
2681	사흘	Three days
2687	일찍이	Early
2689	제법	quite,fairly,considerably
2690	집중되다	To concentrate
2691	창조적	Creatively
2693	파다	To dig
2694	하긴	Indeed, though, nevertheless
2695	해결되다	To be settled, resolved
2698	가라앉다	To sink (calm,settle,subside)
2699	감싸다	1) wrap up or  tuck in 2) to protect or  defend
2700	고작	To be at the highest or  the best
2701	구경하다	To watch or  enjoy watching
2702	국물	soup or broth or gravy
2704	깔다	to pave (a road), lay down a floor, spread a blanket etc.
2705	다짐하다	Pledge, vow, swear
2707	말씀드리다	Speak (honor.)
2709	멀어지다	Become distant to
2711	불쌍하다	To be deplorable
2713	생산되다	To be produced
2714	숨기다	To hide
2717	엉덩이	The buttocks
2718	울음	crying,weeping
2719	이달	This month
2721	저고리	A coat, korean jacket
2723	즐거움	pleasure,merriment
2724	지다	To lose (at war, a game)
2727	짜다	Form, organize
2730	헤아리다	Consider, weigh, ponder, consider
2733	곧바로	At once or  straight away
2735	구두	Shoes or  boots
2739	그토록	So much or  to such an extent
2740	기초하다	Make the basis for
2741	깊이	Depth
2742	나뭇가지	A tree branch
2743	낫다	to get better (from an illness)
2746	더위	The heat
2747	말리다	Dry sth
2748	무덤	A grave,tomb
2749	물결	A wave
2751	보장하다	To secure,guarantee
2753	사귀다	Make friends with
2754	서너	About three, three or four
2755	솟다	rise,soar,tower above
2760	웃기다	To be funny
2764	쥐	Mouse
2766	턱	The chin
2767	팔리다	To be in demand, to be sold
2768	품다	To hold, embrace
2769	하하	Ha ha ha ha ha
2772	굳다	Harden or  become hard
2773	굳어지다	Become hard
2774	굶다	To starve or  go hungry
2776	기기13	Machinery and tools
2777	까맣다	Black
2781	더럽다	Foul, dirty
2783	맛보다	Taste
2784	무늬	Pattern
2786	묻다	to Bury
2797	증명하다	To prove,show,bear
2801	코스	Course
2803	합리적	Rational, reasonable
2804	해석하다	To intrepret, construe
2805	힘쓰다	To try really hard
2806	거듭	Again or  over and over
2808	기뻐하다	Be pleased or  delighted with
2809	날리다	To send flying
2810	내려놓다	Set or put down
2812	당근	A carrot
2813	덜다	Save, lighten
2814	마누라	one’s wife
2815	맞이하다	Go to greet
2819	외롭다	To be lonely, lonesome
2823	저절로	Of itself, on its own accord
2828	집어넣다	Put in
2830	파일	File
2836	환하다	To be clear, unobstructed ; to be light, bright (opp. 어둡다)
2840	구속되다	To be arrested
2841	멋지다	Be splendid
2845	배다	Soak into
2847	빠져나오다	Come out of somewhere
2848	새다	leak,escape from
2849	소개되다	To be introduced,presented
2851	안쪽	The inside, the inner part
2853	오가다	Come and go, keep going and coming
2854	요구되다	To be requested, claimed
2856	이윽고	After a while, shortly
2861	척하다	The preceding verb is a lie
2863	한가운데	The very middle, the center
2864	한정되다	To be limiited, qualified
2865	해내다	To accomplish, achieve, carry through
2866	흉내	Imitation, mimicry
2868	갚다	Pay back a loan
2873	그렇지	So it is or  that is right
2874	깨다	Break or  crack
2875	꽉	Tightly or  fast
2876	끼우다	To put between or  insert
2877	노래하다	To sing
2878	다듬다	Trim, shave
2879	다름없다	Be similar, not different
2881	댐	Dam
2882	덩어리	A lump, a cluster
2883	모처럼	At long last
2890	세다	To be strong, mighty
2895	얇다	To be thin
2896	양념	Spices and condiments
2897	에	at/in/on
2898	오염되다	To be polluted, contaminated
2900	웬일	What cause, what reason
2905	제한하다	To restrict,limit
2908	채	Still, not yet
2909	책임지다	Take responsibility
2912	트럭	Truck
2913	파	Onions
2915	표현되다	To have been expressed
2919	헤매다	Wander about, roam about
2921	곡	A tune or  an air
2923	꽂다	Be stuck in or  insert
2924	망설이다	Hesitate
2926	버터	Butter
2928	보편적	Universal
2930	뻔하다	almost,nearly
2931	뽑히다	Be taken out, pulled out
2937	아이	Oh my god!
2938	앞세우다	Make a person go
2949	좋아지다	To become better
2950	차림	Appearance of clothes or worn objecs
2951	창조하다	Create
2952	추위	Cold
2953	토마토	Tomato
2954	파랗다	To be blue
2955	펴내다	Publish, bring out in print
2956	하드웨어	Hardwaer
2958	가져가다	To take or  carry
2959	감자	Potato
2961	갖다	Possess
2962	괴롭다	Be painful or  distressing
2964	군데	A place or spot
2965	메시지	Message
2968	붙잡다	seize,catch
2969	빛깔	A color,shade,hue
2970	뺨	Cheek
2972	살림	living,livelihood
2974	아냐	No, that’s not the case
2980	이리	This way, this direction
2981	제발	kindly,please
2982	차츰	gradually,step by step
2984	파괴하다	Destruction, demolition
2985	하느님	God
2987	홀로	Alone, by oneself
2988	가까이	Close
2989	가득하다	To fill
2993	개미	Ant
2996	금세	In a moment or  at once
2997	낮추다	Lower, make low
2998	내주다	Take out and give away
3000	물고기	Fish
3001	물러나다	Fall back, to pull back, to pull back your position
3006	뻔하다	Be clear,evident
3008	새해	A new year
3009	소박하다	simple, naive, ingenuous
3013	얼음	Ice
3014	열매	Fruit
3015	적히다	To be recorded,written down
3017	제한되다	To be restricted,limited
3018	지속되다	Be lasting a long time, be continous
3019	쫓기다	To be chased, be driven
3020	쭉	All the time
3022	평가되다	To be appraised
3023	하도	Too much, excessively
3024	한창	The height, summit , the top
3029	갇히다	Be confined or  shut up
3035	늦다	Be late, overdue
3036	닥치다	Shut the mouth!
3037	도시락	Lunchbox lunch
3038	몸짓	A gesture
3039	부담하다	bear,shoulder a responsibility
3041	빼앗다	Snach, take away from
3042	삼키다	Swallow
3044	스튜디오	Studio
3048	일쑤	Habitual practice
3050	자꾸만	Repeatedly (emphasized)
3051	잦다	Be frequent, incessant
3053	접다	Fold up
3054	제시되다	To be presented
3057	짜증	Annoyance
3058	첫날	The first day
3063	고통스럽다	Be painful or  torment
3064	곤란하다	Difficulty or  trouble
3067	귀찮다	Annoying irksome
3068	기대다	1) To rely upon or  lean upon 2) lean against
3069	깨어나다	Return to consciousness
3070	꼽히다	To be elected
3072	듯싶다	To be like something, i guess
3073	먹이	Food
3076	밉다	Be detestable
3077	발레	Ballet
3079	실현하다	To realize,bring to fruition
3080	아깝다	regrettable,pitiful
3081	안정되다	To be stable
3082	어리석다	juvenile,foolish
3083	엎드리다	Prostrate oneself, lie on the ground
3084	여럿	many,many people
3088	우습다	To be funny, amusing
3090	익숙하다	To become accustomed to
3092	잔치	banquet,feast
3093	전달되다	To be delivered
3094	차다	cold,chilly
3096	칸	Blank space
3098	갈수록	As one goes aong
3099	갖가지	A variety of or  all sorts
3100	거절하다	Refuse or  reject
3102	구별하다	To distinguish between A and B
3103	국	Soup or  broth
3105	마무리	Finish, completion
3106	마주치다	Collide with
3107	막상	Really, actually
3108	몸통	The trunk,body
3109	못	A nail
3112	베다	Cut, chop
3113	보장되다	Be secured
3114	볼	Cheek
3115	부분적	Departmental
3116	불고기	Roast meat
3117	불리다	soak,steep
3123	안개	Fog
3124	여름철	Summertime
3125	오로지	Only, solely, exclusively
3127	이런저런	This and that, one and another
3130	장난	A game,playing
3131	저런	Such a, that sort of
3140	관계되다	Be affected or  influenced by
3142	그해	That year
3143	꺼지다	To go or die out
3144	꼭대기	The top
3145	끊어지다	To break off or  expire or  be done with
3147	마이크	Mike
3148	메우다	To carry,attach;put on
3152	벌떡	Suddenly, abruptly
3154	분리되다	To be segregated
3155	빚	Debt
3156	새기다	To sculpt,engrave
3160	세다	Count
3162	쇼	Show
3171	이동하다	To move,migrate,travel
3172	자극하다	To stimulate
3173	재빨리	quickly,rapidly
3176	조절하다	To regulate,tune
3178	중얼거리다	Mutter to oneself
3181	힘차다	Be forcible,powerful
3183	고요하다	Be quiet or  silent or  still
3184	그대	You or  thou
3185	그립다	Beloved or  sweet or  affectionate
3186	긋다	1) draw or  mark   2) strike
3187	기둥	A pillar
3188	긴장하다	To become tense
3189	날카롭다	Sharp
3191	느리다	Be slow, tardy
3193	뒷모습	The features of the back side
3195	만만하다	Be soft, tender ; to be easy to handle, deal with
3196	못되다	To go wrong
3202	선언하다	declare,proclaim,announce
3205	식다	To get cold, cool off
3206	엿보다	Wait for an opportunity
3207	완성되다	To be accomplished
3210	입히다	Clothe, dress
3211	잡아먹다	Slaughter and eat
3215	차다	Put on, fasten,wear
3219	친절하다	To be kind, to be nice
3220	카운터	Counter, where you pay
3221	탄생하다	To be born
3222	하숙집	Dormitory, boarding house
3226	가슴속	one’s heart feelings
3229	건드리다	1) touch or  jog  2) irritate or  vex
3231	괴로움	Trouble or  annoyance or  distress
3232	근거하다	To base sth on sth
3235	달래다	Calm down
3236	말리다	Make stop
3237	맘	Heart
3238	먹다	VST + 먹다 , adds no meaning
3240	못하다	Be inferior, worse than
3241	바이올린	Violin
3242	밝혀내다	To find out
3243	부서지다	Break, be broken
3248	시즌	Season
3250	업다	To carry on one’s back, to shoulder sth
3255	주의하다	Pay attention to
3261	튀다	Spring, bound, jump
3267	고집하다	To be stubborn or  persistent
3268	곧잘	1) fairly or  pretty well 2) frequently or  too often
3269	골짜기	A valley or  gorge
3271	구르다	Roll over
3272	글씨	1) Handwriting 2) a letter or  an ideograph or  a character
3276	매다	Tie
3277	머리카락	Headhair
3279	발걸음	Gait, step
3280	발길	A kick; walking pace, steps
3281	벌레	A bug
3282	빼앗기다	A thing be taken away
3287	시멘트	Cement
3291	심판	referencing,umpireship
3292	안기다	to be embraced by sb (in their arms)
3296	익숙해지다	To become accustomed to
3298	저거	That thing over there
3300	제비	A swallow
3302	제안하다	To propose,make a suggestion
3304	지난날	Old days, old times
3306	콩나물	Bean soup
3307	튀어나오다	Jump out, spring out
3313	갈아입다	Change one’s clothes
3314	감다	Wind up
3315	같이하다	To do together or  to share
3316	거짓	Fabrication or  fiction
3317	거품	Bubble
3318	걸어오다	Come on foot or  walk
3321	나물	Herbs, wild greens
3322	년생80	Year of birth
3323	달리기	A run, a spin
3325	도둑	A thief, a burglar
3332	비비다	rub,chafe
3334	살아나다	revive,be brought back to life
3335	소파	Sofa
3336	속이다	deceive,cheat
3339	스무	20
3344	어린아이	A youngster, a child
3345	어쩐지	(1) somehow, in a strange way ; (2) in combination with an ending giving a reason to place stress on the action of the verb
3346	여간	Some, a little (여간 ~지 않다  means very very ~다)
3352	이리저리	This way and that, here and there
3353	인간적	Personal
3356	잘나다	To be handsome,excellent
3362	건네주다	To pass over or  to put on the other side (of a river)
3367	규칙적	Be regular or  systematic
3369	글쎄요	Now or  well or  let me see
3370	내려지다	To become lower
3372	녹다	To melt
3374	배추	Chinese cabbage
3375	센터	Center
3379	싱싱하다	Be fresh, full of life
3380	아아	Oh-oh!
3381	어리다	one’s eyes dim with tears
3383	열쇠	Lock
3384	오렌지	Orange
3387	잠자리	Bed
3389	저마다	Each one, everyone
3392	제자리	The proper/original place
3393	지루하다	Be tedious
3398	화살	An arrow
3400	가르다	1) split or  divide 2) distribute or  share  3) distinguish or  separate
3405	그놈	That person or  that guy
3407	끝없다	Endless or  unfathomable
3408	끼어들다	Interrupt
3412	도망치다	To make an escape
3414	땅속	In the soil
3424	앞뒤	Before and behind
3425	언덕	A hill
3427	오페라	An opera
3428	입맛	Appetite, taste, palate
3429	재즈	Jazz
3430	적응하다	Be suited to, adapted to
3432	접시	A plate,platter
3434	지나치다	Go too far, to go to extremes
3446	확	With a burst, great puff
3447	건너가다	To cross or  go over (river or  street)
3448	골고루	Evenly or  among all indiscriminately
3449	구석구석	Every nook and corner
3450	그제서야	Then
3451	껌	Gum
3453	막내	The lastborn
3454	반복되다	To be repeated
3458	벼	A rice plant
3463	쓸쓸하다	Be lonely,lonesome
3465	애	Troubles, worries
3466	어지럽다	To be dizzy  2) to be in chaos, disorganized
3467	어찌하다	Be subject to an attack of vertigo (figuratively), to not know what the hell is going on or what to do.
3468	예정되다	Make a program, set a schedule
3471	인정받다	To receive recognition
3472	인터뷰	Interview
3473	입학하다	To enter/be admitted into a school
3474	자랑	Pride
3475	저것	That thing over there
3480	켜지다	To become turned on
3481	타입	Type
3482	팩	Pack
3485	활짝	extensively,widely
3486	감상하다	To show appreciation
3489	그런대로	Such as it is or  anyways
3491	깨달음	Realization
3492	끼다	To smoke
3493	넘어지다	Fall down, collapse
3494	눈부시다	To be dazzling
3496	마음먹다	Be determined to
3502	불어오다	Call to come
3504	수박	Watermelon
3505	스위치	Switch
3506	신세	indebtedness,obligation
3507	알아내다	To find out (e.g. the answer)
3510	얘	Yes.
3511	엔	Yen (japanese)
3522	차마	For all the world
3524	첫째	The first
3525	타고나다	Be born, gifted/endowed with
3526	태우다	To take in a car, give a ride to
3529	허용되다	To be permitted, approved
3534	김	Seaweed, laver
3535	꼬마	A dwarf
3536	끝없이	Boundlessly
3537	나르다	to move a long or semi-long distance (not just within a room); Carry, convey, transport
3538	놀리다	Banter, tease
3539	늘어놓다	(1) Scatter about haphazardly ; (2) 으로 늘어놓다  to arrange, place in order
3540	닫히다	To shut, be closed
3541	대표하다	Represent
3544	막걸리	A slightly bitter soju drink
3545	맡다	Smell
3546	미스	Miss
3547	밀리다	to be left undone, to be late in making a payment (to fall into arrears) (2) to be pushed, shoved
3548	밥그릇	A rice bown
3551	부러지다	Break, get broken
3552	불꽃	flame,blaze,spark
3556	쓸다	brush, sweep perhaps lightly
3558	안팎	The interior and exterior, both sides
3559	예방하다	To protect, prevent, fend off
3560	올	Coming (year, week)
3566	잘리다	Be snapped,broken,cut off
3574	집안일	Housework
3577	크림	Cream
3578	탁월하다	Be excellent, prominished
3579	텅	Hollow
3581	푹	Completely, entirely
3582	한순간	One fleeting moment
3585	감소하다	To reduce or diminish
3586	개구리	Frog
3588	괴롭히다	Afflict or  worry
3590	깨우다	To wake up or awaken
3591	끈	A string or  a cord
3592	끊기다	To be cut off or  severed
3593	끊임없다	To not end
3594	넉넉하다	To be enough
3595	두어	About two, a couple
3597	밑바닥	The bottom,base
3598	보도되다	To be reported
3599	보리	Barley
3602	성숙하다	to ripen, to mature
3605	손질하다	Handle with care
3610	아무개	Mr. so-and-so
3613	어째서	For what reason, why is that
3614	얼다	Freeze, be frozen
3618	울음소리	Sound of crying
3619	이놈	That rascal!
3621	인정되다	To be recognized
3622	잠자다	Fall asleep
3623	젓가락	A pair of chopsticks
3625	중단하다	To interrupt, to stop
3629	참되다	To be true, honest, faithful
3633	토끼	A rabbit
3634	퍽	Very, very much
3636	피아노	Pian
3637	핑계	Excuse
3640	가로막다	Interrupt or  obstruct
3643	갑작스럽다	All of a sudden
3645	그래야	And so or  and then
3647	길가	The roadside
3650	내버리다	Throw away
3651	미사일	Missile
3652	발가락	A toe
3654	보호되다	To be protected
3655	뵙다	see,meet
3656	부치다	to send, to post
3659	섭섭하다	Be sorry,disappointed
3661	세련되다	To be polished,refined
3662	손쉽다	Be easy, simple
3664	어린애	A youngster, a child
3666	옷차림	Dress, one’s way of dressing
3668	이같이	Like this, like so
3673	찢어지다	To be torn, rent
3675	축하하다	To Congratulate sb
3676	컬러	Color
3680	하룻밤	One night, a single night
3681	흘러내리다	Run (stream,pour) down
3684	곰	Bear
3687	나아지다	Become better, be improved
3688	넘어오다	Fall, come down
3689	매너	Manner
3691	버려지다	Take away, throw away to somewhere
3692	빗물	Rainwater
3693	사위	environment,surroundings
3694	설날	New Year’s Day
3696	손질	handling,care
3697	손톱	Fingernail
3699	아르바이트	Part time
3700	외로움	Loneliness
3701	외우다	Recite from memory
3706	전망하다	Have a view of, observe
3709	찬물	Cold water
3712	캠페인	Campaign
3714	한눈	A look, glampse, look
3715	햇볕	Sunbeams, sunlight
3717	가뭄	A drought
3720	개선되다	To be renovated or  to get improved
3721	건네다	Speak to a person or  address
3722	게	A crab
3724	곧장	Directly or  straightforwardly ; to do something straight away
3726	구속하다	To arrest or  restrain
3728	긁다	Scratch or  scrape
3732	나뭇잎	Tree leaves
3733	내쉬다	Exhale
3734	넓어지다	Get wider
3735	늘어지다	Be lengthened
3737	마당	An instance, case
3738	마음껏	As much as you want
3739	몰려들다	Be driven into
3740	미팅	Meeting
3741	바	Bar
3742	바퀴	Wheel
3743	발자국	Footprint
3744	뱉다	Spit
3745	벌어지다	Widen, get wider
3746	보너스	Bonus
3752	시끄럽다	To be noisy,boisterous
3754	안기다	(1) To fix on a person, lay the blame on a person
3755	(2) to throw onto sb, to pass onto sb, to pawn off onto sb, to hand over to sb	
3756	어기다	Run counter to, go against
3757	어때	What do you think?
3758	엘리베이터	Elevator
3763	운동하다	To do exercise
3770	제외되다	To be excluded
3771	조카	Nephew
3773	찍히다	Get sealed, stamped
3778	틀림없이	No mistaking it
3779	파티	Party
3785	나뉘다	Divide
3786	낱말	A word
3788	냄비	A pot
3789	늑대	Wolf
3790	늘어서다	Stand in a row
3792	달다	to be sweet
3793	달려들다	Run, rush, jump at
3797	묶이다	Be fastened together
3798	방해하다	Interrupt, interfere
3799	뱀	Snake
3801	뵈다	Contraction of 보이다
3810	실현되다	To realize,bring to fruition
3811	아니야	No, that’s not the case
3812	어느덧	Before one knows it
3813	오르내리다	Go up and down, rise and fall
3815	우수하다	to be superior,excellent
3818	으레	customarily,habitually
3820	일일이	One by one, individually
3828	청소하다	To clean
3834	헌	Old, shabby, worn-out
3837	가까워지다	Get closer
3843	기대되다	To be expected
3844	깊숙이	Deep or  far
3845	꿀	Honey or  nectar
3846	넘어뜨리다	Throw down
3848	단단하다	Be hard, solid
3853	더욱더	More and more and more
3856	마크	a company logo
3858	망치다	Ruin
3859	메뉴	Menu
3860	모금	Money raising
3862	문화적	Cultural
3863	묻히다	Have smeared,be covered with
3865	발전되다	Be advanced, prospering
3867	방지하다	To prevent, check
3869	삼가다	Be discreet,take care of ; to abstain (refrain) o.s. from doing
3871	셋째	The third
3873	손발	Hand and foot; the limbs
3875	안내하다	To lead the way
3876	앉히다	To place a person in a set
3878	옆구리	The side, the flank
3881	웬만하다	To be just only barely passable, fairly good
3883	으응	Ugh!
3884	이어서	Subsequently
3885	자장면	Black chinese noodles
3887	종합하다	synthesize,integrate
3889	짜다	Squeeze, press out
3890	참	At the point of, when
3891	채	House counter
3894	테러	Terror
3899	가난	Poor
3900	가죽	The skin or  hide or  leather
3901	관계없이	Without any relation
3903	기다	Crawl or creep
3904	다툼	A quarrel
3907	대낮	Broad daylight
3908	데려가다	Take with
3910	모조리	One and all, wholly
3912	부지런히	Diligently
3913	사슴	Deer
3917	속옷	Underwear
3918	손목	The wrist
3920	슬쩍	Secretly, on the sly, stealthily
3921	시나리오	Scenario
3923	실컷	To one’s satisfaction
3925	엔진	Engine
3928	이대로	As it is
3931	자라나다	To grow up
3933	조그마하다	Be tiny,small
3937	지다	To fade away, come off
3938	찌꺼기	drugs,sediments,remnants (tea grounds)
3939	춤추다	To dance
3940	테니스	Tennis
3941	파리	A fly
3942	포스터	Poster
3946	가이드	Guide
3947	가입하다	Join
3949	고르다	Flat or  even
3952	구분되다	To be put into sections
3956	꾸리다	Pack up or  bundle up
3960	덮이다	Be covered
3961	도리어	On the contrary
3962	멋있다	stylish,tasteful
3963	멸치	Anchovy
3964	바람	A wish, hope
3965	발목	Ankle
3966	밤늦다	It is late at night
3967	방울	A drop
3971	보살피다	Take care of
3973	보존하다	preserve,conserve
3974	빨다	sip,suck
3975	빼놓다	exclude,leave out
3981	설립하다	found,establish
3989	쓰다듬다	Stroke one’s beard
3990	알루미늄	Aluminum
3991	알아주다	acknowledge,recognize, appreciate
3993	여우	Fox
3994	와	Holy cow!
3997	웨이터	Waiter
3999	유지되다	To be maintained, preserved
4001	잡아당기다	Pull
4011	참외	A melon
4012	체하다	pretend,feign
4017	코치	Coach
4018	통일하다	To unify, consolidate
4019	패션	Fashion
4020	프린터	Printer
4021	피디	PD – a newspaper article
4022	하나하나	Each individual piece
4028	걷다	1) Roll back /up one’s sleeves  2)fold or  furl up  3) finish work
4034	나누어지다	To become divided
4036	넘겨주다	Hand over
4038	다가서다	Step up, go near to, come closer
4041	말다	Roll up, convolve
4043	멋	Smartness
4046	밤하늘	Night sky
4050	분리하다	To separate, break away from
4051	붙들다	catch,seize,grasp
4052	사들이다	buy,purchase
4054	새우	lobster,shrimp
4057	실망하다	To disappoint
4059	씨름	Wrestling
4060	아쉬움	Sense of missing
4061	앞길	The road ahead, outlook
4063	어젯밤	Last night
4064	엉망	A mess, in bad shape
4066	여쭈다	Tell a superior, inform
4069	열중하다	Enthusiasm, zeal
4074	이따금	From time to time
4077	재주	ability,talent
4080	젖	The breasts
4081	조르다	To tease, urge sb
4084	지겹다	To be tedious,tiring
4086	쫓겨나다	Chase away ; to fire from your job
4087	찢다	Tear, rend, split
4088	채널	Channel
4093	타오르다	Blaze, light up
4094	탁	(1) With a bang, with a snap (2) widely
4096	평화롭다	To be peaceful
4100	한구석	A corner, a nook
4106	확신하다	To be confident of
4108	흥분하다	be/grow excited
4109	힘겹다	To be not strong enough to do
4111	거들다	Help or  assist or  lend
4116	깔끔하다	Be sleek and smart
4117	꼼꼼하다	very careful or meticulous, doing it in a very detailed manner
4118	낮아지다	Become lower
4121	두세	Two or three (months)
4122	매	whip,rod,cane
4123	먹고살다	Make one’s living
4124	멎다	Stop
4127	모퉁이	Corner
4128	바구니	Basket
4129	바싹	Completely
4130	발달되다	Be developed
4132	방울	A bell
4133	보름	15days,the 15th day
4135	부딪히다	Be bumped into
4138	뿌리치다	Shake off, refuse
4141	세트	Set
4145	슬그머니	Furtively
4152	열흘	Ten days
4154	옥수수	Corn
4157	이웃집	The neighbor’s house
4160	재미없다	Boring
4166	주스	Juice
4167	준비되다	To be ready
4168	중단되다	To be suspended,stopped
4171	진단하다	To diagnose
4172	콜라	Cola
4173	타다	Get, receive, take your share of the money (회사에서 월급을 타다)
4175	플라스틱	Plastic
4183	금지되다	To be forbidden or prohibited
4185	기성08	To be already existing or  established
4186	깨뜨리다	To break or  crush
4187	꼼짝	Cannot move
4191	데이트	Date
4192	마음가짐	Mental attitude
4193	머리칼	Hair
4195	바퀴	Cockroach
4196	번개	Lightning
4197	변화되다	To be changed
4198	부러워하다	envy,be envious of
4202	서늘하다	Be cool,refreshing
4205	소화하다	To digest
4209	싶어지다	To come to want
4210	씌우다	Put a hat on somebody
4212	엇갈리다	Cross, miss eachother
4213	엷다	Be thin, light
4215	오른손	The right hand
4216	우아하다	To be elegant,refined
4217	이것저것	This and that, one thing and another
4218	이슬	Dew, dewdrops
4226	조화되다	harmony,agreement
4227	줄거리	A stalk, a stem
4233	쿠데타	Coup d’etat (overthrow of the government)
4240	가져다주다	Take something to someone
4243	겨자	Mustard
4244	경고하다	To warn
4246	골프	Golf
4248	구별되다	To be separated andistinguished
4250	굳히다	Harden or  make hard
4253	그럴듯하다	Be plausible or  specious or  likely
4255	기23	A flag or  a banner
4256	기울다	To tilt or  lean
4258	끌리다	To be drawn or  pulled or  dragged
4259	내보내다	Let out, let go out
4260	담	A wall, fence
4261	따스하다	Feel warm
4265	미끄러지다	Slippery
4266	바닷물	Sea water
4269	붙잡히다	Be caught
4270	브랜드	Brand
4271	빨다	Wash the laundry
4277	손길	An outstretched hand
4281	썰렁하다	chilly,feel cold
4283	앞날	The futre, the days ahead
4286	우울하다	To be melancholy, gloomy
4288	울리다	To make (a baby) cry
4295	재밌다	interesting,fun
4297	젊음	Youth
4298	점잖다	To be dignified,well-bred
4299	조개	shellfish,clam
4300	주무시다	To sleep (respectful word)
4304	진실하다	Be true, truthful
4309	출현하다	Appearance, turning out
4310	클럽	Club
4311	키스	Kiss
4316	흐리다	Cloudy (weather)
4317	걱정스럽다	Anxious or  uneasy
4318	건설되다	To become constructed
4319	고개	the peak or crest (of a hill)
4320	고프다	Hungry or  famished
4321	그제야	For the first time or  not … until
4325	까치	Magpie
4326	꿈속	In a dream
4327	나비	Butterfly
4335	모여들다	gather,flock
4336	묵다	Get old
4337	바깥쪽	The outside
4338	배고프다	To be hungry
4339	버섯	Mushroom
4342	뵈다	See (polite)
4344	비웃다	Laugh at, ridicule
4345	비키다	Move aside
4346	사나이	A man, a male
4349	상징적	symbolic,emblematic
4351	세미나	Seminar
4353	속삭이다	Whisper
4358	신중하다	To be prudent,cautious
4359	썩	Very much,greatly
4360	암컷	A female,a she (opp. 수컷)
4364	윗몸	The upper body
4367	익히다	cook,boil
4372	정신없이	Feel distracted and scatter-brained
4373	정직하다	honesty,uprightness
4374	조정하다	To regulate,adjust,coordinate
4375	주름	Wrinkles
4377	챔피언	Champion
4381	캐릭터	Character
4382	커튼	Curtain
4383	팬	A fan, an enthusiast
4387	회복되다	To be recovered
4390	겨울철	The winter season
4395	국수	Noodles
4396	국제적	International
4397	그루	1) a root  2) stubble
4400	꾸중	Scolding, a rebuke
4401	끌어당기다	To draw near
4402	끼	A meal or  a repast
4404	달빛	Moonlight
4406	도움말	Helping words
4408	만족하다	To be content
4409	맵다	Spicy
4410	메다	Put on one’s shoulder
4411	몰려오다	Come in crowds
4412	물질적	Material
4414	믿어지다	Become believable
4415	반죽	Kneading; dough
4417	밤	Chestnut
4422	부르다	To be full
4424	비타민	Vitamin
4425	빌딩	Building
4426	빠뜨리다	Throw into (a river); entice, entrap
4428	새로이	newly,afresh
4431	송이	A bunch,cluster
4432	쇠	Iron
4433	수컷	A male of the species
4434	승리하다	To win
4436	심부름	Errand
4437	씨앗	Seeds
4439	얻어먹다	Go about begging
4440	엄숙하다	Seriousness, solemnity ; being grave, serious
4444	옆집	The house next door
4445	오래간만	After a long time
4446	오래도록	For long, a long while
4447	올려다보다	Look up
4448	외다	To repeat back (an order)
4449	외침	A shout, a cry
4450	이빨	A tooth
4452	일손	Work in hand
4453	잠바	Jumper
4457	재다	measure,guage
4458	쟤	That kid
4460	지도하다	To lead, instruct
4464	쪽	A side, direction
4465	찾아다니다	To go around to meet somebody or see places
4473	푸다	Dip out, bail out
4474	풀	Glue (spread the ~)
4475	피망	A pimento
4476	필름	Film
4477	한결	Stands out conspicuously, especially
4478	한여름	Midsummer, the middle of summer
4483	가위	Scissors
4485	곧다	Be straight or upright or  erect
4486	골치	Worry or  anxiety
4489	넷째	Fourth
4490	놔두다	Leave as it is, let it be
4491	늦어지다	To become late
4492	도망가다	Make a go for it, escape
4498	뭣	What (thing)?
4501	비바람	Rain and wind
4506	솜	Cotton
4507	시디롬	Cd-rom
4511	실	Thread (to wind thread)
4512	씩씩하다	Be brave,valiant
4514	월드컵	World cup
4515	유머	Humor
4518	잊혀지다	To become forgotten
4519	잘살다	To be affluent, well-off
4520	장가	To get married
4522	정리되다	To be adjusted
4525	죽다	Lose your spirit
4531	하나하나	Each individual piece
4533	핸드백	Handbag
4534	햄버거	Hamburger
4541	길어지다	To become long
4542	깨소금	Powdered sesame mixed with salt
4543	나빠지다	To become worse
4545	놓아두다	Leave as it is, let it be
4548	바이러스	Virus
4550	번거롭다	Be troublesome.  할 일이 많아서 아주 바쁘다
4551	사냥	Hunting, a hunt
4553	설거지	Dishwashing
4557	슈퍼마켓	Supermarket
4567	타다	Put in, mix, dissolve
4569	함께하다	To do it together, with somebody
4572	힘껏	With all one’s might
4576	공통되다	To be common
4577	그만하다	Be about the same or  be neither better nor worse
4578	나들이	Going out, an outing ; making a short visit to sb or somewhere
4579	녹이다	Melt, dissolve
4580	눈가	The eye rims
4582	모기	A mosquito
4583	미니	Mini
4586	벤치	Bench
4588	볼일	business,errand,engagement
4589	부끄러움	shame,disgrace
4590	비누	Soap
4592	빗줄기	Great streaks of rain
4597	스웨터	Sweater
4598	심심하다	to be bored
4599	어려워지다	To become difficult
4601	올라서다	Stand up
4602	왼손	The right hand
4605	자리	A spot at a table
4606	잘생기다	To be handsome
4609	저러다	Like that
4610	저리	That place
4611	절약하다	To economize
4614	찌개	A pot stew
4621	갈다	Renew or  substitute ; same as 바꾸다
4622	경영하다	To manage or  adminster
4623	그리움	Yearning or  affection
4624	그사이	The while or  the meantime
4625	기념하다	Commemorate
4627	길거리	A street
4628	꽃잎	A petal
4629	넥타이	Necktie
4634	보충하다	replenish,replace,fillup
4637	붐비다	Be congested,crowded ; to be full of
4640	손등	The back of the hand
4642	영	Really, totally
4643	오리	Duck
4649	이제야	These days
4652	자취	A trace,vestige
4653	잠그다	To lock
4654	잡수시다	eat,drink
4655	장난감	A toy
4657	전기밥솥	Electric rice cooker
4659	지름길	A shortcut
4664	코미디	Comedy
4665	튀기다	To fry; splash, splatter
4667	하품	Yawning
4668	한국말	Korean (language)
4670	흐리다	Be muddy, cloudy ;  with a tint of
4672	값싸다	Cheap or  low-priced
4677	김	1) Steam 2) scent, aroma
4678	넷	4
4679	매달다	Bind up, hang:  묶어서 드리우거나 걸다.
4681	문제되다	Become a problem
4682	받침	Support, prop
4687	새우다	Sit up all night
4688	서명하다	To sign
4690	수고하다	To work hard
4693	쓸데없다	To be useless
4694	아뇨	No, nay
4695	아래쪽	The lower part, the bottom
4696	아스팔트	Asphalt
4697	아하	Dear me!  Goodness!
4698	알코올	Alcohol
4699	액세서리	Accessory
4700	에어컨	Air conditioner
4702	오이	Cucumber
4704	요	Right near at hand
4705	웃음소리	The sound of laughing
4706	위쪽	The upper direction
4709	잔디	Lawn
4711	조깅	Jogging
4713	치다	(a storm, strong wind, rain, lightning) to strike, hit
4714	캠퍼스	Campus
4715	터널	Tunnel
4719	가만있다	Remain still or  motionless
4722	건너오다	To come across to this side of something
4727	날아다니다	Fly about
4728	마음씨	Disposition, nature
4730	메모	Memo
4731	몇십	In the tens
4732	몸매	one’s figure
4733	몸무게	Body weight
4735	반짝이다	Shine, glitter
4741	비판적	Critical
4742	뺏다	Straight
4744	서랍	A drawer
4745	소나기	A sudden rain shower
4747	손잡이	A handle,knob
4750	싸구려	cheap,inferior (a bargain)
4752	안되다	To refuse to accept
4754	어찌나	extremely,quite,awfully
4755	엉터리	Fake, sham
4757	원숭이	A monkey
4763	잔디밭	lawn,grass
4764	저기	“hey,look here,now”
4769	진달래	Azalea
4770	쪽	A portion, a side
4771	찌다	chop,hack
4774	침착하다	Self-possession, composure
4775	캄캄하다	To be pitch-black
4777	팬티	Panties (male and female underwear)
4779	포인트	Point
4780	포크	Fork
4785	개나리	A forsythia or  a golden-bell tree
4787	골목길	An alley
4789	그리워하다	Yearn or  be attached to
4790	기억나다	To memorize
4791	기침	Coughing
4792	노랫소리	A singing voice
4793	다섯	5
4794	닭고기	Chicken meat for eating
4796	딸아이	Daughter
4797	만족스럽다	Satisfied
4798	미움	Hatred
4799	바가지	A gourd dipper
4800	발끝	On tiptoes
4801	배꼽	The navel
4805	사랑스럽다	Lovely
4806	숟가락	A spoon
4809	쓰이다	Be writted
4814	용감하다	To be brave, courageous
4817	익다	Get familiar with, experienced with
4819	장마	The rainy spell in the summer
4822	전시하다	To display
4829	짧아지다	To become short
4830	찌다	To put on weight
4834	큰절	A deep bow
4842	구15	Ward or  district
4844	김밥	Roll of rice and vegetables
4846	놀이터	Playground
4847	다녀가다	Drop in for a short visit
4849	마라톤	Marathon
4850	매스컴	Mass communication
4852	묵다	Stay overnight s.w.
4853	바나나	Banana
4854	발등	The instep of the foot
4855	밤새	All night
4857	보내오다	받다 receive
4860	블라우스	Blouse
4862	사이좋다	Be on good terms with
4863	세상에	In the world
4864	수고	toil,labor,pains
4866	슬퍼하다	sorrow,feel sad
4867	시금치	Spinach
4870	아랫사람	Subordinate
4871	앞쪽	The front, the fore part
4872	앨범	Album
4877	왼발	The right foot
4878	운전하다	To drive
4881	일자리	A job, position
4889	졸다	doze,take a nap
4895	코피	A nose bleed
4896	턱	Reason, grounds
4897	팩시밀리	Facximile, fax
4898	한낮	Noon
4900	가득히	Full
4901	간호	Nursing or  care
4903	건너	The other or  opposite side
4904	걷다	Walk on or  tread on
4906	고구마	Sweet potato
4909	노트	A note
4910	눈감다	Close the eyes
4911	눈뜨다	Open one’s eyes
4913	도마	A chopping board
4916	미워하다	Dislike
4918	밥맛	Appetite
4921	볶음밥	Frizzled rice
4928	송아지	A calf,baby cow
4931	수입되다	To be imported
4933	술자리	A banquet
4935	싼값	A low price
4939	어린이날	Children’s Day (may 5th)
4941	오른발	The right foot
4946	작아지다	Become smaller
4948	좁히다	Make narrow,restrict
4949	좋아	“That’s good”
4951	줄무늬	A stripe
4952	지워지다	To be erased
4953	지저분하다	Be messy, soiled, dirty
4955	찬성하다	To approve, support (a plan)
4957	초콜릿	Chocolate
4963	코끝	The tip of one’s nose
4964	터미널	Terminal
4965	피자	Pizza
4967	햄	Ham
4972	개다	To clear up or  become clear (weather)
4974	고소하다	Taste of sesame oil or  taste of a nut
4976	깨어지다	To waken
4978	네거리	Crossroads
4981	달러	Dollar
4982	대여섯	About five or six
4983	되돌아보다	To look back on
4984	마사지	Massage
4986	먹히다	to be eaten,swallowed
4987	몸살	Flu aches and pains
4988	무더위	High humidity
4990	박스	Box
4991	반기다	Rejoice, be glad of
4992	밥솥	Pressure cooker for rice
4993	베개	A pillow
4994	벨트	Belt
4996	붓다	to be swollen
5000	사투리	A dialect
5002	수저	A spoon
5004	앞바다	The offing sea
5005	얄밉다	Be offensive, mean
5009	온라인	Online
5015	응답하다	An answer, a reply
5017	이분	Divide into two
5025	주름살	Wrinkles
5030	추천하다	To recommend, say a good word for
5032	큰길	main/principal road
5033	판매되다	To be sold
5035	포근하다	To be soft and comfortable, downy
5037	하나님	God
5040	향상되다	To be impoved, advanced
5041	홈페이지	Homepage
5043	가톨릭	Catholic
5046	걷기	Walking
5052	귓속	The inner ear
5053	그래픽	Graphic
5058	떠나오다	미국으로부터 to come back from the US
5059	마중	Meeting, reception
5060	밝다	To be bright
5062	배드민턴	Badminton
5063	배부르다	To be full
5064	버튼	Button
5066	캐나다	Canada
5069	빗방울	Raindrops
5071	샤워	Shower
5072	서투르다	unskilled,clumsy
5074	손뼉	The flat of one’s hand
5075	손수	With one’s own hands, personally
5077	시들다	To wither,die,fade
5078	시디	C.D.
5081	싱겁다	Taste flat, have no flavor
5082	쓸데없이	To have no use
5084	어쩌다가	By chance, accident ; sometimes
5085	옛날이야기	An old story
5086	오븐	Oven
5088	와인	Wine
5092	웃어른	one’s elders
5096	저녁때	Evening time
5097	저울	A balance
5098	적어지다	To become smaller
5100	진실로	Truly, honestly
5101	촛불	Candle-light
5104	테스트	Test
5108	피로하다	To be fatigued, weary
5110	한데	The open air, outside, the exterior
5111	혼잣말	Talking to oneself
5114	힘없이	feebly,weekly
5116	갈아타다	Transfer (bus or subway)
5118	곧이어	Soon hereafter
5121	그래서	So or  therefore
5123	긴장되다	Be under tension
5124	깨끗해지다	Become clean
5125	낚싯대	A fishing rod
5127	냇물	A stream, brook
5128	단골	Custom, connection
5129	단맛	A sweet taste
5130	담요	A blanket
5132	더러워지다	Get dirty
5133	데우다	to warm, to heat up
5135	동그랗다	To be circular
5137	무덥다	sultry,sweltering
5138	뭘	What (implicit directobject)?
5140	발바닥	The sole of the foot
5141	발톱	A toenail
5142	밝아지다	Become bright
5143	밤새다	To stay up all night
5148	상추	Lettuce
5150	소시지	Sausage
5151	쇼핑	Shopping
5153	스케줄	Schedule
5154	스키	Ski
5157	싹	A bud,sprout
5158	씻기다	To be carried away, washed away
5166	얕다	To be shallow, superficial
5167	어두워지다	become/get dark
5168	어쩜	Well, I guess that, is extremely…..
5169	엊그제	The day before yesterday, a few days ago
5175	올라타다	Board (a plane), get into
5177	이곳저곳	Everywhere
5178	이다음	Next
5180	읽히다	To get a person to read, to get a person to learn
5181	잡수다	eat,drink
5182	장사꾼	A trader,merchant,dealer
5185	즐거워하다	To enjoy it
5186	집중하다	To concentrate
5187	짜다	To be salty
5188	짜증스럽다	To be annoying
5195	코트	Court
5201	감소되다	To be reduced or  diminished
5205	괴로워하다	To distress or  trouble
5207	그리로	Over there
5208	까먹다	Crack or  peel and eat
5209	깜빡	With a flash or  twinkle
5211	꾸다	Dream or  have a dream
5212	낚시꾼	An angler
5215	데려오다	Go with
5216	마요네즈	Mayonnaise
5217	마흔	Forty
5220	맘대로	As you want
5221	머리말	A preface
5224	몸속	In one’s body
5225	무책임하다	Not responsible
5226	반짝거리다	Twinkle-twinkle (stars)
5227	밤새우다	Sit up all night
5229	볼펜	A ballpen
5233	사이사이	Every now and then
5235	새소리	Bird voice,”chirp”
5237	서툴다	poor,awkward
5240	속마음	Inner heart,feeling
5241	손잡다	Take a person by the hand
5248	쓴맛	A bitter flavor
5249	야옹	Mewing, meowing
5251	올여름	This summer
5255	위아래	Up and down
5259	이래서	This way, this direction, here
5261	자살하다	Commit suicide
5266	재채기	sneeze,sneezing
5273	지우다	Put a thing on a person’s back
5278	카레	Curry
5279	컨디션	Condition
5280	코스모스	Cosmos
5281	킬로	Kilo
5283	튼튼히	Strongly, firmly
5284	티셔츠	T-shirts
5285	페인트	Paint
5289	한둘	One or two
5293	가만	Quietly or  softly
5297	고무신	Rubber shoes
5298	고춧가루	Red pepper powder
5304	기억되다	To be remembered
5305	까다	Peel or  husk
5306	꽃씨	Flower seed
5307	꾸준하다	Be steady or  unflagging
5312	달다	To hang
5314	먹다	Go deaf
5317	밤낮	Night and day, always
5319	번역하다	To translate
5320	병아리	Chick, baby chicken
5321	부지런하다	Be diligent
5322	부피	bulk,size
5323	비기다	End in a tie, to be even-even.  Same as 무승부를 기록하다
5326	세로	Length
5327	섹시하다	To be sexy
5328	소비하다	Consumption
5330	스물	Twenty
5332	식히다	To cool, let cool. 차게 하다
5333	싫어지다	To become distasteful
5334	씻기다	wash,be washed
5335	얼리다	Freeze, make ice
5337	열리다	To bear fruit
5339	오피스텔	Office hotel (studio apt)
5340	올가을	This fall
5341	와이셔츠	A white dress shirt
5342	원피스	(one-piece) a dress
5343	윗사람	A superior, one’s older somebody
5347	인제	Now
5349	재우다	Put to sleep
5350	전시되다	To be exhibited,ddisplayed
5351	졸리다	Feel sleepy,drowsy
5352	졸음	sleepiness,drowsiness
5353	종이컵	A paper cup
5356	쩔쩔매다	To be at a loss, be confused
5361	치우다	VST + Do away with, get rid of
5362	코끼리	An elephant
5363	콘서트	Concert
5364	큰소리	A loud voice, loudly
5365	큰아들	Oldest son
5368	풀어지다	To get loose; to turn soft (noodles)
5369	한겨울	Midwinter, the dead of winter
5372	핸드폰	Cell phone
5373	허허	Ha-ha, with a laugh
5376	흐려지다	Get cloudy, overcast
5378	힘들어하다	To be exacting, tolling
5380	걱정되다	To become worried
5384	넷째	Fourth
5385	목걸이	Necklace
5386	무지개	A rainbow
5388	볶음	Roasted sth
5389	볼링	Bowling
5390	비둘기	Pigeon
5394	쓰다	Bitter (vegetables)
5400	크리스마스	Christmas
5404	나흘	Four days
5405	늦가을	Late autumn
5406	다이어트	Diet
5408	못생기다	Ugly
5410	예술적	Artistic
5412	중국집	Chinese restaurant
5413	지우개	An eraser
5415	튀김	Batter-fried food
5418	단추	A button
5420	미역	Brown seaweed
5429	작은아버지	An uncle younger than your father
5430	잠옷	Pajamas
5435	갈비	The ribs
5438	모레	The day after tomorrow
5441	서른	Thirty
5443	아홉	Nine
5444	예약하다	To book in advance, pledge
5447	천둥	Thunder
5450	게으르다	Lazy
5455	문학적	Literary
5456	미끄럽다	To be slippery
5457	복숭아	Peach
5458	비빔밥	Vegetarian dish of rice and vegetables
5459	여든	Eighty
5460	외아들	The only son
5461	이따가	A little later
5462	일흔	Seventy
5465	강아지	Puppy
5466	닷새	Five days
5468	아이스크림	Ice cream
5476	칼국수	Knife-cut noodles
5477	큰아버지	Uncle older than one’s father
5481	맛없다	Bad flavor
5493	축구공	A soccer ball
5494	큰딸	Oldest daughter
5497	김치찌개	Spicy cabbage soup
5504	스케이트	Skate
5506	그렇게	And so. like that
5507	여섯	Six
5511	일곱	Seven
5513	클래식	Classic
5514	팝송	Pop song
5515	팩스	Fax
5516	깍두기	Sliced white radish kimchee
5526	작은아들	Younger son
5527	잠자리	Dragonfly
5536	공항버스	Bus to the airport
5538	그저께	The day before yesterday
5541	다섯째	Fifth
5542	배추김치	Pickled cabbage
5547	예순	Sixty
5549	작은어머니	An aunt younger than your mother
5551	한글날	Korean writing system national holiday
5554	넉	The fourth
5555	메일	Mail
5557	빗	A comb
5562	아드님	Your esteemed son
5564	결석하다	To be absent
5568	쉰	50
5572	어저께	Yesterday
5578	출석하다	attendance,presence
5579	큰어머니	The wife of the elder brother of one’s father
5581	멍멍	A bruise
5586	여덟	Eight
5590	케첩	Ketchup
5595	아흔	Ninety
5600	거꾸로	Backwards or  bottom up or  the wrong way
5602	저렇게	Like that
5604	뉴욕	New york
5606	아프리카	Africa
5610	워낙	By nature, primarily, by constitution
5612	이렇게	In this way
5613	발달하다	To advance
5617	유럽	Europe
5620	아시아	Asia
5621	기다리다	To wait
5623	거기	There (location)
5625	작은딸	Younger daughter
5626	저곳	That place over there
5638	베이징(북경)	Beijing
5639	우리나라	Korea
5640	대한민국	Korea
5653	파리	Paris
5656	서울	Seoul
5663	프랑스	France
